OrderItemID,OrderID,MedicationItemID,OrderQuantity,Dosage
001,001,001,77,2 pills daily
002,002,002,41,2 pills daily
003,003,003,62,2 pills daily
004,004,004,68,2 pills daily
005,005,005,31,2 pills daily
006,006,006,28,2 pills daily
007,007,007,72,2 pills daily
008,008,008,66,2 pills daily
009,009,009,65,2 pills daily
010,010,010,29,2 pills daily
011,011,011,26,2 pills daily
012,012,012,94,2 pills daily
013,013,013,2,2 pills daily
014,014,014,81,2 pills daily
015,015,015,61,2 pills daily
016,016,016,62,2 pills daily
017,017,017,36,2 pills daily
018,018,018,86,2 pills daily
019,019,019,76,2 pills daily
020,020,020,9,2 pills daily
