PatientID,AddressID,FirstName,LastName,Email,ContactNumber,PreviousPurchase,BirthDate
1,1,Matthew,Miles,johnsonmelissa@example.org,526-472-0783x2399,0,06-11-2018
2,2,Courtney,Campbell,kharper@example.com,667.271.3166,1,18-10-2009
3,3,Richard,Irwin,jillianmcintosh@example.net,2346653956,0,26-10-2001
4,4,Jeffrey,Martinez,walshpamela@example.com,233.519.0654x8051,0,29-12-1995
5,5,Kimberly,Luna,dianamurphy@example.net,(574)913-7221,0,29-02-1988
6,6,Sarah,Bailey,normansheila@example.com,262-394-4136,0,14-07-2010
7,7,Alex,Stevens,mary86@example.com,788-590-2333,0,21-07-2012
8,8,Edward,Novak,pwilson@example.net,001-633-534-5135x39124,1,31-05-1982
9,9,Jeffrey,Whitehead,williamsandres@example.org,(735)371-1503,0,23-10-2002
10,10,Randall,Daniel,melissa05@example.org,(407)335-9403x469,0,04-02-2013
11,11,Joseph,Cunningham,mistybrown@example.com,969.493.7821,1,27-07-1990
12,12,Cynthia,Mathis,sabrinasnow@example.com,-1248,1,30-10-1987
13,13,Sherry,Farley,cunderwood@example.com,324-729-5824x862,0,28-06-1981
14,14,Amy,Christensen,laurabarker@example.com,651-463-3007,0,04-07-2013
15,15,William,Williamson,jessicaholt@example.com,851.529.5274x3040,1,13-09-1987
16,16,Christine,Martin,nvasquez@example.org,414.631.7591x88689,1,06-02-1993
17,17,Jill,Holmes,xeaton@example.net,615.720.4272,1,05-10-2019
18,18,Rachel,Harris,morgan15@example.org,391-777-7594x448,0,20-03-2010
19,19,Roger,Mcgee,eric13@example.org,001-478-391-2297,0,29-05-2005
20,20,Alexandra,Lucas,olivia83@example.org,699-634-1927x2698,0,12-10-2009
