PrescriptionID,PatientID,PhysicianID,DateIssued,Dosage
001,001,001,2018-02-20,2 pills daily
002,002,002,1998-05-13,2 pills daily
003,003,003,1976-08-25,2 pills daily
004,004,004,1988-11-05,2 pills daily
005,005,005,1987-07-15,2 pills daily
006,006,006,1981-01-26,2 pills daily
007,007,007,2023-01-08,2 pills daily
008,008,008,2002-08-02,2 pills daily
009,009,009,2015-06-23,2 pills daily
010,010,010,1984-06-09,2 pills daily
011,011,011,2014-05-26,2 pills daily
012,012,012,2005-05-07,2 pills daily
013,013,013,1975-08-27,2 pills daily
014,014,014,1989-05-11,2 pills daily
015,015,015,2003-07-01,2 pills daily
016,016,016,1994-03-19,2 pills daily
017,017,017,2005-09-19,2 pills daily
018,018,018,2023-09-23,2 pills daily
019,019,019,1973-01-04,2 pills daily
020,020,020,2000-01-04,2 pills daily
