SupplierID,SupplierFirstName,SupplierLastName,ContactNumber,SupplierEmail,SupplierStreet,SupplierCity,SupplierState,SupplierZipCode
1,Brian,Buck,256311941,michele13@example.org,02252 Billy Centers Apt. 025,North Henryview,PW,69628
2,Janet,Choi,4597147111,grossbrianna@example.net,4568 Todd Avenue Apt. 383,West Frankmouth,KY,49834
3,Richard,Peters,7309881075,epeck@example.com,9082 Owen Spring,West Daniel,ID,43909
4,Tina,Thomas,7707126359,iallen@example.com,397 Brandi Fort Suite 875,South Brucechester,FM,21191
5,Tracey,Johnson,3624974639,marshalltheodore@example.com,87207 Thomas River Suite 700,Taylorside,MI,93506
6,Christian,Fernandez,8066726230,heather17@example.org,0540 Mike Hollow Apt. 081,East Austinborough,NV,25097
7,Anna,Galloway,6595474109,sjones@example.net,986 Douglas Spur,North Toddfort,SC,35360
8,Richard,Brown,9366094108,tracy81@example.com,55903 Fernandez Prairie,Port Bradley,IN,31034
9,Stephanie,White,2533069247,robertlozano@example.org,85232 Andrew Fall,South James,DE,27283
10,Christina,Turner,2533069247,christopherjohnson@example.com,49522 Stark Plaza,Sloanborough,NE,55870
11,Mark,Callahan,9856295114,brenda12@example.net,195 Williams Inlet Apt. 969,Ruthland,OR,54222
12,John,Bishop,9239964912,stephanie14@example.net,176 Cody Ramp Suite 723,North Jesse,PR,49116
13,Frederick,Miller,4643253129,morgananthony@example.net,099 Melissa Groves,Bakerview,GU,27513
14,Dawn,Robinson,4062615857,hbrowning@example.net,148 Gina Groves Suite 565,Josephchester,IN,30004
15,Gabriel,Hancock,4644373965,christopherirwin@example.com,01950 Katherine Port,Hannahfort,PR,65978
16,Sue,Patel,8776636915,bzhang@example.com,810 Cannon Squares,Port Savannahchester,NM,40431
17,Joshua,Morgan,4336402678,spowell@example.org,037 Walker Gardens Suite 586,Johnburgh,WV,68828
18,Christine,Dunn,2615178283,johnpatrick@example.net,1143 Strickland Springs Apt. 655,West Summerborough,AL,70767
19,Johnathan,Pruitt,4249619559,joannastanley@example.org,7384 Timothy Isle Apt. 981,Armstrongside,OK,83017
20,Diamond,Moore,3272972123,georgesimmons@example.net,338 Todd Coves Suite 918,Williamsmouth,NC,67989
